step,loss,grad_norm,learning_rate,epoch
1,1.806,86.5,0,0.003101
2,1.551,51,5e-06,0.006202
3,1.457,51.5,1e-05,0.009302
4,1.16,40.75,1.5e-05,0.0124
5,0.9623,28.12,2e-05,0.0155
6,0.5036,12,2.5e-05,0.0186
7,0.4496,11.75,3e-05,0.02171
8,0.2187,7.25,3.5e-05,0.02481
9,0.1939,12.31,4e-05,0.02791
10,0.3237,15.88,4.5e-05,0.03101
11,0.275,10.69,5e-05,0.03411
12,0.5021,12.31,5.5e-05,0.03721
13,0.06321,7.531,6e-05,0.04031
14,0.307,9.125,6.5e-05,0.04341
15,0.12,8.75,7e-05,0.04651
16,0.1205,7.281,7.5e-05,0.04961
17,0.0765,6.344,8e-05,0.05271
18,0.05966,5.844,8.5e-05,0.05581
19,0.07774,5.062,9e-05,0.05891
20,0.09357,20.38,9.5e-05,0.06202
21,0.197,16.75,0.0001,0.06512
22,0.1275,10.06,0.0001,0.06822
23,0.06515,25.12,0.0001,0.07132
24,0.1035,15,9.999e-05,0.07442
25,0.1191,13.12,9.999e-05,0.07752
26,0.3852,76.5,9.998e-05,0.08062
27,0.1613,18.25,9.998e-05,0.08372
28,0.1123,8.312,9.997e-05,0.08682
29,0.6581,26,9.996e-05,0.08992
30,0.1093,13.94,9.995e-05,0.09302
31,0.1072,31.25,9.994e-05,0.09612
32,0.1371,28.25,9.992e-05,0.09922
33,0.04957,3.938,9.991e-05,0.1023
34,0.06813,3.562,9.989e-05,0.1054
35,0.07897,22.25,9.988e-05,0.1085
36,0.1045,13.75,9.986e-05,0.1116
37,0.1162,19.12,9.984e-05,0.1147
38,0.109,9,9.982e-05,0.1178
39,0.1121,17.5,9.98e-05,0.1209
40,0.07759,4.844,9.977e-05,0.124
41,0.1606,5.031,9.975e-05,0.1271
42,0.06172,5.062,9.972e-05,0.1302
43,0.08208,30,9.97e-05,0.1333
44,0.07759,3.375,9.967e-05,0.1364
45,0.103,5.188,9.964e-05,0.1395
46,0.03116,1.781,9.961e-05,0.1426
47,0.1045,4.906,9.957e-05,0.1457
48,0.1281,18.75,9.954e-05,0.1488
49,0.1196,7.156,9.951e-05,0.1519
50,0.1091,10.19,9.947e-05,0.155
51,0.07921,3.484,9.943e-05,0.1581
52,0.0774,2.609,9.94e-05,0.1612
53,0.1166,4.406,9.936e-05,0.1643
54,0.05179,1.891,9.932e-05,0.1674
55,0.06836,2.406,9.927e-05,0.1705
56,0.04546,1.906,9.923e-05,0.1736
57,0.03309,1.203,9.919e-05,0.1767
58,0.2726,5.906,9.914e-05,0.1798
59,0.02377,1.164,9.909e-05,0.1829
60,0.1302,2.656,9.905e-05,0.186
61,0.07967,3.188,9.9e-05,0.1891
62,0.1284,3.641,9.895e-05,0.1922
63,0.08374,2.844,9.889e-05,0.1953
64,0.07672,8.312,9.884e-05,0.1984
65,0.04488,1.234,9.879e-05,0.2016
66,0.06856,11.38,9.873e-05,0.2047
67,0.06112,2.391,9.867e-05,0.2078
68,0.03335,1.703,9.862e-05,0.2109
69,0.02883,2.594,9.856e-05,0.214
70,0.04919,3.094,9.85e-05,0.2171
71,0.05324,2.609,9.843e-05,0.2202
72,0.05941,2.641,9.837e-05,0.2233
73,0.08601,2.688,9.831e-05,0.2264
74,0.1553,5.25,9.824e-05,0.2295
75,0.2607,4.406,9.818e-05,0.2326
76,0.04086,2.047,9.811e-05,0.2357
77,0.03454,1.492,9.804e-05,0.2388
78,0.02039,0.4434,9.797e-05,0.2419
79,0.04669,1.266,9.79e-05,0.245
80,0.02386,0.7812,9.782e-05,0.2481
81,0.07607,2.672,9.775e-05,0.2512
82,0.0457,1.805,9.768e-05,0.2543
83,0.02985,1.211,9.76e-05,0.2574
84,0.02665,1.094,9.752e-05,0.2605
85,0.01644,0.3809,9.744e-05,0.2636
86,0.04063,1.867,9.736e-05,0.2667
87,0.05464,2.344,9.728e-05,0.2698
88,0.1874,18.25,9.72e-05,0.2729
89,0.02323,1.164,9.712e-05,0.276
90,0.1721,3.594,9.703e-05,0.2791
91,0.02779,6.969,9.695e-05,0.2822
92,0.05137,2.25,9.686e-05,0.2853
93,0.1217,2.547,9.677e-05,0.2884
94,0.06003,1.602,9.668e-05,0.2915
95,0.05936,1.133,9.659e-05,0.2946
96,0.02095,0.793,9.65e-05,0.2977
97,0.0347,0.9844,9.641e-05,0.3008
98,0.05598,1.898,9.631e-05,0.3039
99,0.08937,1.844,9.622e-05,0.307
100,0.02802,2.406,9.612e-05,0.3101
101,0.02569,0.8164,9.602e-05,0.3132
102,0.06173,2.297,9.593e-05,0.3163
103,0.1561,9.188,9.583e-05,0.3194
104,0.1341,2.562,9.572e-05,0.3225
105,0.03954,1.656,9.562e-05,0.3256
106,0.09725,7.188,9.552e-05,0.3287
107,0.04409,1.234,9.542e-05,0.3318
108,0.04971,3.641,9.531e-05,0.3349
109,0.02626,1.383,9.52e-05,0.338
110,0.1349,5.5,9.509e-05,0.3411
111,0.1399,3.141,9.499e-05,0.3442
112,0.06852,5.031,9.488e-05,0.3473
113,0.09273,5.406,9.476e-05,0.3504
114,0.04181,1.867,9.465e-05,0.3535
115,0.02141,0.6523,9.454e-05,0.3566
116,0.07484,2,9.442e-05,0.3597
117,0.1067,5.594,9.431e-05,0.3628
118,0.08604,2.734,9.419e-05,0.3659
119,0.02723,1.203,9.407e-05,0.369
120,0.02953,0.7695,9.395e-05,0.3721
121,0.08904,4.25,9.383e-05,0.3752
122,0.03695,1.016,9.371e-05,0.3783
123,0.04279,3.016,9.359e-05,0.3814
124,0.01888,0.8906,9.347e-05,0.3845
125,0.04717,3.375,9.334e-05,0.3876
126,0.02699,1.875,9.322e-05,0.3907
127,0.01853,0.4336,9.309e-05,0.3938
128,0.02258,0.4414,9.296e-05,0.3969
129,0.01837,0.5312,9.283e-05,0.4
130,0.01935,1.641,9.27e-05,0.4031
131,0.0159,0.457,9.257e-05,0.4062
132,0.01649,0.5391,9.244e-05,0.4093
133,0.02641,2.422,9.231e-05,0.4124
134,0.01496,0.6055,9.217e-05,0.4155
135,0.01582,0.7383,9.204e-05,0.4186
136,0.0242,1.43,9.19e-05,0.4217
137,0.02108,0.918,9.176e-05,0.4248
138,0.05965,2.25,9.163e-05,0.4279
139,0.03234,1.344,9.149e-05,0.431
140,0.01716,0.6406,9.135e-05,0.4341
141,0.08599,3.859,9.12e-05,0.4372
142,0.02733,4.844,9.106e-05,0.4403
143,0.02372,0.8984,9.092e-05,0.4434
144,0.06516,2.078,9.077e-05,0.4465
145,0.04484,1.477,9.063e-05,0.4496
146,0.01874,0.8008,9.048e-05,0.4527
147,0.03771,2.594,9.033e-05,0.4558
148,0.03567,2.578,9.018e-05,0.4589
149,0.02923,1.055,9.003e-05,0.462
150,0.03734,3.203,8.988e-05,0.4651
151,0.04957,4.688,8.973e-05,0.4682
152,0.01796,0.4297,8.958e-05,0.4713
153,0.07881,2.062,8.942e-05,0.4744
154,0.04533,3.875,8.927e-05,0.4775
155,0.0293,1.523,8.911e-05,0.4806
156,0.02244,0.7227,8.896e-05,0.4837
157,0.1155,2.531,8.88e-05,0.4868
158,0.01811,0.4609,8.864e-05,0.4899
159,0.05141,1.344,8.848e-05,0.493
160,0.01686,0.4688,8.832e-05,0.4961
161,0.0152,0.6953,8.816e-05,0.4992
162,0.02087,0.334,8.8e-05,0.5023
163,0.02504,1.086,8.783e-05,0.5054
164,0.01918,0.5625,8.767e-05,0.5085
165,0.02012,0.8438,8.75e-05,0.5116
166,0.04077,5.219,8.734e-05,0.5147
167,0.06262,1.469,8.717e-05,0.5178
168,0.02336,0.8008,8.7e-05,0.5209
169,0.01879,0.5117,8.683e-05,0.524
170,0.1231,2.656,8.666e-05,0.5271
171,0.01911,0.7188,8.649e-05,0.5302
172,0.02397,0.8633,8.632e-05,0.5333
173,0.01394,0.4746,8.614e-05,0.5364
174,0.05764,3.719,8.597e-05,0.5395
175,0.01833,0.7188,8.58e-05,0.5426
176,0.00994,0.2949,8.562e-05,0.5457
177,0.0367,2.781,8.544e-05,0.5488
178,0.03204,1.164,8.527e-05,0.5519
179,0.05033,1.703,8.509e-05,0.555
180,0.01074,0.5938,8.491e-05,0.5581
181,0.01338,0.5977,8.473e-05,0.5612
182,0.01491,0.625,8.455e-05,0.5643
183,0.02233,0.6016,8.437e-05,0.5674
184,0.0401,1.617,8.418e-05,0.5705
185,0.01872,0.6992,8.4e-05,0.5736
186,0.1271,3.844,8.382e-05,0.5767
187,0.01867,4.031,8.363e-05,0.5798
188,0.01858,0.3828,8.344e-05,0.5829
189,0.03661,1.562,8.326e-05,0.586
190,0.02889,0.4414,8.307e-05,0.5891
191,0.03254,2.25,8.288e-05,0.5922
192,0.01596,0.6133,8.269e-05,0.5953
193,0.0252,6.375,8.25e-05,0.5984
194,0.03806,1.305,8.231e-05,0.6016
195,0.1006,2.578,8.212e-05,0.6047
196,0.02441,1.234,8.193e-05,0.6078
197,0.07036,1.562,8.173e-05,0.6109
198,0.02082,0.8828,8.154e-05,0.614
199,0.01494,0.332,8.134e-05,0.6171
200,0.02402,0.8281,8.115e-05,0.6202
201,0.02885,1.109,8.095e-05,0.6233
202,0.01101,1.133,8.075e-05,0.6264
203,0.04324,1.789,8.055e-05,0.6295
204,0.02342,1.055,8.036e-05,0.6326
205,0.04938,1.445,8.016e-05,0.6357
206,0.01986,0.8516,7.995e-05,0.6388
207,0.02423,0.668,7.975e-05,0.6419
208,0.01411,0.3867,7.955e-05,0.645
209,0.02113,0.4277,7.935e-05,0.6481
210,0.01823,0.3789,7.915e-05,0.6512
211,0.03562,1.531,7.894e-05,0.6543
212,0.03686,1.438,7.874e-05,0.6574
213,0.1372,2.875,7.853e-05,0.6605
214,0.01669,0.4082,7.832e-05,0.6636
215,0.01056,0.207,7.812e-05,0.6667
216,0.0269,1.258,7.791e-05,0.6698
217,0.02862,2.078,7.77e-05,0.6729
218,0.06182,1.312,7.749e-05,0.676
219,0.01638,0.1924,7.728e-05,0.6791
220,0.01641,0.3281,7.707e-05,0.6822
221,0.06132,0.8633,7.686e-05,0.6853
222,0.0375,1.172,7.665e-05,0.6884
223,0.01591,0.9648,7.643e-05,0.6915
224,0.02573,1,7.622e-05,0.6946
225,0.03155,0.8711,7.601e-05,0.6977
226,0.01772,0.625,7.579e-05,0.7008
227,0.02744,1.445,7.558e-05,0.7039
228,0.02554,0.8789,7.536e-05,0.707
229,0.01862,0.5195,7.514e-05,0.7101
230,0.01072,0.4434,7.493e-05,0.7132
231,0.01846,0.75,7.471e-05,0.7163
232,0.02385,0.5859,7.449e-05,0.7194
233,0.01479,0.4375,7.427e-05,0.7225
234,0.01838,0.6836,7.405e-05,0.7256
235,0.01813,0.2656,7.383e-05,0.7287
236,0.01104,0.625,7.361e-05,0.7318
237,0.01581,0.6211,7.339e-05,0.7349
238,0.01506,0.7812,7.317e-05,0.738
239,0.02179,0.8633,7.295e-05,0.7411
240,0.02037,0.6445,7.272e-05,0.7442
241,0.0244,0.7656,7.25e-05,0.7473
242,0.01546,0.4043,7.227e-05,0.7504
243,0.01886,0.5352,7.205e-05,0.7535
244,0.01478,0.166,7.182e-05,0.7566
245,0.02978,0.3887,7.16e-05,0.7597
246,0.01801,0.1455,7.137e-05,0.7628
247,0.01939,0.5312,7.114e-05,0.7659
248,0.01357,0.2949,7.092e-05,0.769
249,0.0142,0.3945,7.069e-05,0.7721
250,0.0998,2.719,7.046e-05,0.7752
251,0.01818,0.582,7.023e-05,0.7783
252,0.01422,0.1348,7e-05,0.7814
253,0.01549,0.5742,6.977e-05,0.7845
254,0.01355,0.1748,6.954e-05,0.7876
255,0.01993,0.6016,6.931e-05,0.7907
256,0.07731,1.805,6.908e-05,0.7938
257,0.01849,0.2773,6.884e-05,0.7969
258,0.02042,0.5312,6.861e-05,0.8
259,0.01629,0.4199,6.838e-05,0.8031
260,0.02402,0.832,6.814e-05,0.8062
261,0.01719,0.4082,6.791e-05,0.8093
262,0.02322,0.4062,6.768e-05,0.8124
263,0.0168,0.3809,6.744e-05,0.8155
264,0.01163,0.1895,6.721e-05,0.8186
265,0.1545,2.156,6.697e-05,0.8217
266,0.06808,1.586,6.673e-05,0.8248
267,0.02325,0.5391,6.65e-05,0.8279
268,0.01774,0.3926,6.626e-05,0.831
269,0.01728,0.4688,6.602e-05,0.8341
270,0.01511,0.2656,6.578e-05,0.8372
271,0.01333,0.1553,6.555e-05,0.8403
272,0.01389,0.7344,6.531e-05,0.8434
273,0.01575,0.1904,6.507e-05,0.8465
274,0.01436,0.3145,6.483e-05,0.8496
275,0.02046,0.582,6.459e-05,0.8527
276,0.01475,0.3555,6.435e-05,0.8558
277,0.05933,1.828,6.411e-05,0.8589
278,0.07386,1.602,6.387e-05,0.862
279,0.08245,1.766,6.363e-05,0.8651
280,0.02289,0.8398,6.338e-05,0.8682
281,0.01877,0.5625,6.314e-05,0.8713
282,0.03058,0.5938,6.29e-05,0.8744
283,0.01576,0.6133,6.266e-05,0.8775
284,0.01655,0.3867,6.242e-05,0.8806
285,0.01869,0.3633,6.217e-05,0.8837
286,0.01661,0.2236,6.193e-05,0.8868
287,0.04501,1.078,6.168e-05,0.8899
288,0.05198,4.312,6.144e-05,0.893
289,0.019,0.6914,6.12e-05,0.8961
290,0.01792,0.582,6.095e-05,0.8992
291,0.02707,0.8594,6.071e-05,0.9023
292,0.01682,0.5234,6.046e-05,0.9054
293,0.03999,0.9922,6.022e-05,0.9085
294,0.01709,0.3262,5.997e-05,0.9116
295,0.02191,0.6523,5.972e-05,0.9147
296,0.0226,0.8125,5.948e-05,0.9178
297,0.01574,0.3125,5.923e-05,0.9209
298,0.02656,0.957,5.898e-05,0.924
299,0.02063,0.6172,5.874e-05,0.9271
300,0.01589,0.4258,5.849e-05,0.9302
301,0.01563,0.4238,5.824e-05,0.9333
302,0.01552,0.3887,5.8e-05,0.9364
303,0.01895,0.8438,5.775e-05,0.9395
304,0.01444,0.08203,5.75e-05,0.9426
305,0.01342,0.5117,5.725e-05,0.9457
306,0.01535,0.1406,5.7e-05,0.9488
307,0.01678,0.6758,5.675e-05,0.9519
308,0.01528,0.2344,5.651e-05,0.955
309,0.02216,0.625,5.626e-05,0.9581
310,0.0149,0.3613,5.601e-05,0.9612
311,0.0131,0.5078,5.576e-05,0.9643
312,0.0153,0.2197,5.551e-05,0.9674
313,0.03752,0.7031,5.526e-05,0.9705
314,0.01485,0.7734,5.501e-05,0.9736
315,0.01811,0.7461,5.476e-05,0.9767
316,0.02372,0.5352,5.451e-05,0.9798
317,0.01308,0.6211,5.426e-05,0.9829
318,0.01747,0.4316,5.401e-05,0.986
319,0.01861,0.2969,5.376e-05,0.9891
320,0.01459,0.1523,5.351e-05,0.9922
321,0.01883,0.5312,5.326e-05,0.9953
322,0.01856,0.8086,5.301e-05,0.9984
323,0.01356,0.9453,5.276e-05,1
324,0.01712,0.293,5.251e-05,1.003
325,0.01333,0.293,5.226e-05,1.006
326,0.0191,0.3359,5.201e-05,1.009
327,0.01314,0.3242,5.176e-05,1.012
328,0.0181,0.1982,5.151e-05,1.016
329,0.01233,0.5938,5.125e-05,1.019
330,0.012,0.1602,5.1e-05,1.022
331,0.01526,0.1094,5.075e-05,1.025
332,0.02477,0.7227,5.05e-05,1.028
333,0.01526,0.25,5.025e-05,1.031
334,0.01783,0.6172,5e-05,1.034
335,0.01238,0.5156,4.975e-05,1.037
336,0.02135,1.102,4.95e-05,1.04
337,0.01786,0.7734,4.925e-05,1.043
338,0.01981,0.2988,4.9e-05,1.047
339,0.01512,0.4277,4.875e-05,1.05
340,0.01657,0.7695,4.849e-05,1.053
341,0.02131,0.8398,4.824e-05,1.056
342,0.01989,0.4648,4.799e-05,1.059
343,0.01834,0.7148,4.774e-05,1.062
344,0.01767,0.3418,4.749e-05,1.065
345,0.02531,1.398,4.724e-05,1.068
346,0.02584,0.5586,4.699e-05,1.071
347,0.01231,0.5977,4.674e-05,1.074
348,0.02412,1.305,4.649e-05,1.078
349,0.01266,0.2256,4.624e-05,1.081
350,0.02441,0.4609,4.599e-05,1.084
351,0.01631,0.5508,4.574e-05,1.087
352,0.01282,0.2383,4.549e-05,1.09
353,0.01536,0.6641,4.524e-05,1.093
354,0.01794,0.1221,4.499e-05,1.096
355,0.02006,0.5039,4.474e-05,1.099
356,0.03183,1.195,4.449e-05,1.102
357,0.0173,0.6523,4.424e-05,1.105
358,0.01701,0.6094,4.399e-05,1.109
359,0.01446,0.4688,4.374e-05,1.112
360,0.01952,0.6328,4.349e-05,1.115
361,0.01326,0.5273,4.325e-05,1.118
362,0.01737,0.3477,4.3e-05,1.121
363,0.0134,0.2139,4.275e-05,1.124
364,0.02036,0.8945,4.25e-05,1.127
365,0.0169,0.7188,4.225e-05,1.13
366,0.02175,1.164,4.2e-05,1.133
367,0.01809,0.4102,4.176e-05,1.136
368,0.01379,0.7695,4.151e-05,1.14
369,0.02672,1.375,4.126e-05,1.143
370,0.01878,0.5234,4.102e-05,1.146
371,0.0149,0.1416,4.077e-05,1.149
372,0.0156,0.6445,4.052e-05,1.152
373,0.01449,0.2695,4.028e-05,1.155
374,0.01356,0.3418,4.003e-05,1.158
375,0.02117,1.07,3.978e-05,1.161
376,0.01924,0.5156,3.954e-05,1.164
377,0.01261,0.2197,3.929e-05,1.167
378,0.01385,0.4141,3.905e-05,1.171
379,0.01799,1.188,3.88e-05,1.174
380,0.01494,0.5391,3.856e-05,1.177
381,0.01345,0.1436,3.832e-05,1.18
382,0.01417,0.3145,3.807e-05,1.183
383,0.01933,0.7578,3.783e-05,1.186
384,0.0113,0.3926,3.758e-05,1.189
385,0.02255,0.7578,3.734e-05,1.192
386,0.02433,0.5156,3.71e-05,1.195
387,0.02201,1.141,3.686e-05,1.198
388,0.01989,0.4941,3.662e-05,1.202
389,0.02154,1.031,3.637e-05,1.205
390,0.01443,0.08496,3.613e-05,1.208
391,0.02158,0.7305,3.589e-05,1.211
392,0.01346,0.6406,3.565e-05,1.214
393,0.0209,0.6602,3.541e-05,1.217
394,0.02198,0.6484,3.517e-05,1.22
395,0.01921,0.4395,3.493e-05,1.223
396,0.0216,0.8711,3.469e-05,1.226
397,0.01469,0.1816,3.445e-05,1.229
398,0.01392,0.7227,3.422e-05,1.233
399,0.02079,0.4629,3.398e-05,1.236
400,0.02095,0.7227,3.374e-05,1.239
401,0.01376,0.207,3.35e-05,1.242
402,0.01616,0.375,3.327e-05,1.245
403,0.01784,0.293,3.303e-05,1.248
404,0.01344,0.6289,3.279e-05,1.251
405,0.01379,0.1924,3.256e-05,1.254
406,0.02115,0.6406,3.232e-05,1.257
407,0.02012,0.6914,3.209e-05,1.26
408,0.01748,0.4941,3.186e-05,1.264
409,0.02139,0.7617,3.162e-05,1.267
410,0.01668,0.5586,3.139e-05,1.27
411,0.01712,0.8398,3.116e-05,1.273
412,0.02461,0.8633,3.092e-05,1.276
413,0.01376,0.668,3.069e-05,1.279
414,0.01819,0.5742,3.046e-05,1.282
415,0.01714,0.2354,3.023e-05,1.285
416,0.01376,0.3066,3e-05,1.288
417,0.01953,0.5234,2.977e-05,1.291
418,0.02247,0.7109,2.954e-05,1.295
419,0.01764,0.1836,2.931e-05,1.298
420,0.01719,0.3965,2.908e-05,1.301
421,0.01804,0.668,2.886e-05,1.304
422,0.01825,0.4785,2.863e-05,1.307
423,0.02099,0.5469,2.84e-05,1.31
424,0.01634,0.3984,2.818e-05,1.313
425,0.01768,0.7148,2.795e-05,1.316
426,0.01826,0.2734,2.773e-05,1.319
427,0.01787,0.6836,2.75e-05,1.322
428,0.01887,0.543,2.728e-05,1.326
429,0.02292,0.4434,2.705e-05,1.329
430,0.01517,0.2676,2.683e-05,1.332
431,0.01703,0.4473,2.661e-05,1.335
432,0.01479,0.7031,2.639e-05,1.338
433,0.01327,0.4219,2.617e-05,1.341
434,0.01525,0.1709,2.595e-05,1.344
435,0.01711,0.4355,2.573e-05,1.347
436,0.01442,0.3066,2.551e-05,1.35
437,0.01632,0.167,2.529e-05,1.353
438,0.01643,0.3613,2.507e-05,1.357
439,0.02018,0.625,2.486e-05,1.36
440,0.01329,0.2188,2.464e-05,1.363
441,0.01472,0.2295,2.442e-05,1.366
442,0.01542,0.2988,2.421e-05,1.369
443,0.01268,0.1816,2.399e-05,1.372
444,0.01652,0.4844,2.378e-05,1.375
445,0.0162,0.5742,2.357e-05,1.378
446,0.01598,0.5547,2.335e-05,1.381
447,0.01514,0.293,2.314e-05,1.384
448,0.01535,0.5078,2.293e-05,1.388
449,0.01911,0.9336,2.272e-05,1.391
450,0.01382,0.6953,2.251e-05,1.394
451,0.01515,0.3477,2.23e-05,1.397
452,0.01788,0.6406,2.209e-05,1.4
453,0.012,0.9023,2.188e-05,1.403
454,0.01693,0.8164,2.168e-05,1.406
455,0.01501,0.2061,2.147e-05,1.409
456,0.01636,0.457,2.126e-05,1.412
457,0.01651,0.6523,2.106e-05,1.416
458,0.01426,0.8438,2.085e-05,1.419
459,0.01367,0.6953,2.065e-05,1.422
460,0.01638,0.4746,2.045e-05,1.425
461,0.0162,0.2656,2.025e-05,1.428
462,0.01784,0.6797,2.005e-05,1.431
463,0.01319,0.4648,1.984e-05,1.434
464,0.01998,0.543,1.964e-05,1.437
465,0.01434,0.9023,1.945e-05,1.44
466,0.01436,0.9062,1.925e-05,1.443
467,0.01504,0.4531,1.905e-05,1.447
468,0.02059,0.6172,1.885e-05,1.45
469,0.01666,0.3379,1.866e-05,1.453
470,0.01759,0.3691,1.846e-05,1.456
471,0.01482,0.7031,1.827e-05,1.459
472,0.01348,0.08545,1.807e-05,1.462
473,0.01469,0.5156,1.788e-05,1.465
474,0.01967,0.2949,1.769e-05,1.468
475,0.01809,0.3535,1.75e-05,1.471
476,0.01825,0.1094,1.731e-05,1.474
477,0.01728,0.3125,1.712e-05,1.478
478,0.0126,0.168,1.693e-05,1.481
479,0.01632,0.3398,1.674e-05,1.484
480,0.01751,0.2383,1.656e-05,1.487
481,0.01722,0.8789,1.637e-05,1.49
482,0.01258,0.2041,1.618e-05,1.493
483,0.01966,0.7695,1.6e-05,1.496
484,0.01391,0.3652,1.582e-05,1.499
485,0.01374,0.09912,1.563e-05,1.502
486,0.01596,0.2676,1.545e-05,1.505
487,0.01434,0.2344,1.527e-05,1.509
488,0.01675,0.6836,1.509e-05,1.512
489,0.01277,0.3555,1.491e-05,1.515
490,0.01441,0.4512,1.473e-05,1.518
491,0.02191,0.5664,1.456e-05,1.521
492,0.01545,0.2031,1.438e-05,1.524
493,0.01608,1.094,1.42e-05,1.527
494,0.0134,0.2188,1.403e-05,1.53
495,0.01863,0.5234,1.386e-05,1.533
496,0.01642,0.6445,1.368e-05,1.536
497,0.01362,0.2148,1.351e-05,1.54
498,0.01579,0.9336,1.334e-05,1.543
499,0.0174,0.293,1.317e-05,1.546
500,0.01853,0.6211,1.3e-05,1.549
501,0.01441,0.5547,1.283e-05,1.552
502,0.01508,0.3223,1.266e-05,1.555
503,0.01694,0.4688,1.25e-05,1.558
504,0.01456,0.3066,1.233e-05,1.561
505,0.01697,0.9258,1.217e-05,1.564
506,0.01579,1.07,1.2e-05,1.567
507,0.02351,0.6797,1.184e-05,1.571
508,0.01757,0.4395,1.168e-05,1.574
509,0.0131,0.3887,1.152e-05,1.577
510,0.01892,0.6289,1.136e-05,1.58
511,0.01556,0.3594,1.12e-05,1.583
512,0.025,0.4219,1.104e-05,1.586
513,0.01691,0.4629,1.089e-05,1.589
514,0.01595,1.086,1.073e-05,1.592
515,0.02154,0.832,1.058e-05,1.595
516,0.01943,0.9883,1.042e-05,1.598
517,0.01462,0.6953,1.027e-05,1.602
518,0.01297,0.1377,1.012e-05,1.605
519,0.01664,0.4141,9.966e-06,1.608
520,0.01596,0.6055,9.816e-06,1.611
521,0.01579,0.377,9.667e-06,1.614
522,0.01854,0.2393,9.52e-06,1.617
523,0.01785,0.1553,9.373e-06,1.62
524,0.01687,0.3613,9.227e-06,1.623
525,0.01551,0.2402,9.082e-06,1.626
526,0.01881,0.6133,8.939e-06,1.629
527,0.01384,0.2471,8.796e-06,1.633
528,0.01539,0.5586,8.654e-06,1.636
529,0.01873,0.6094,8.514e-06,1.639
530,0.01733,0.5195,8.374e-06,1.642
531,0.01777,0.3672,8.236e-06,1.645
532,0.0233,1.133,8.098e-06,1.648
533,0.02068,0.3789,7.962e-06,1.651
534,0.01537,0.4766,7.827e-06,1.654
535,0.01515,0.4121,7.692e-06,1.657
536,0.01615,0.5859,7.559e-06,1.66
537,0.02247,0.4648,7.427e-06,1.664
538,0.01749,0.6953,7.296e-06,1.667
539,0.01925,0.1494,7.166e-06,1.67
540,0.01377,0.3262,7.037e-06,1.673
541,0.02066,0.5352,6.909e-06,1.676
542,0.02019,0.9414,6.783e-06,1.679
543,0.01503,0.4102,6.657e-06,1.682
544,0.01778,0.6914,6.532e-06,1.685
545,0.01785,0.3047,6.409e-06,1.688
546,0.0157,0.3535,6.287e-06,1.691
547,0.02003,0.8555,6.165e-06,1.695
548,0.01668,0.6055,6.045e-06,1.698
549,0.01352,0.7305,5.926e-06,1.701
550,0.01361,0.418,5.808e-06,1.704
551,0.01468,0.3887,5.691e-06,1.707
552,0.01787,0.4961,5.576e-06,1.71
553,0.0157,0.6562,5.461e-06,1.713
554,0.01338,0.918,5.348e-06,1.716
555,0.01652,0.668,5.235e-06,1.719
556,0.01651,0.1914,5.124e-06,1.722
557,0.01815,0.3457,5.014e-06,1.726
558,0.01513,0.4609,4.905e-06,1.729
559,0.01535,0.2119,4.797e-06,1.732
560,0.02472,0.5898,4.691e-06,1.735
561,0.01449,0.2383,4.585e-06,1.738
562,0.0185,0.582,4.481e-06,1.741
563,0.02129,0.7891,4.377e-06,1.744
564,0.01709,0.5,4.275e-06,1.747
565,0.01618,0.2266,4.174e-06,1.75
566,0.01574,0.5508,4.074e-06,1.753
567,0.01837,0.5039,3.976e-06,1.757
568,0.01681,0.2988,3.878e-06,1.76
569,0.01575,0.3223,3.782e-06,1.763
570,0.01816,0.3652,3.687e-06,1.766
571,0.01548,0.7344,3.593e-06,1.769
572,0.01906,0.3652,3.5e-06,1.772
573,0.01735,0.6289,3.408e-06,1.775
574,0.01765,0.4141,3.318e-06,1.778
575,0.01466,0.5586,3.229e-06,1.781
576,0.01671,0.377,3.141e-06,1.784
577,0.01518,0.4297,3.054e-06,1.788
578,0.01381,0.6758,2.968e-06,1.791
579,0.02083,0.2383,2.883e-06,1.794
580,0.01693,0.3926,2.8e-06,1.797
581,0.0167,0.3477,2.718e-06,1.8
582,0.01298,0.2227,2.637e-06,1.803
583,0.01709,0.793,2.557e-06,1.806
584,0.01669,0.6562,2.478e-06,1.809
585,0.01335,0.8398,2.401e-06,1.812
586,0.01717,0.1118,2.325e-06,1.816
587,0.01441,0.1709,2.25e-06,1.819
588,0.01308,0.3262,2.176e-06,1.822
589,0.01902,0.75,2.103e-06,1.825
590,0.0155,0.7031,2.032e-06,1.828
591,0.0167,0.4434,1.962e-06,1.831
592,0.0172,0.5078,1.893e-06,1.834
593,0.01783,0.8438,1.825e-06,1.837
594,0.01726,0.5742,1.758e-06,1.84
595,0.01572,0.291,1.693e-06,1.843
596,0.01348,0.3125,1.629e-06,1.847
597,0.01412,0.5039,1.566e-06,1.85
598,0.01644,0.1187,1.504e-06,1.853
599,0.01327,0.3887,1.444e-06,1.856
600,0.01446,0.3223,1.384e-06,1.859
601,0.01284,0.4375,1.326e-06,1.862
602,0.01581,0.7773,1.27e-06,1.865
603,0.01743,0.3613,1.214e-06,1.868
604,0.01367,0.5234,1.16e-06,1.871
605,0.01574,0.5781,1.107e-06,1.874
606,0.01627,0.7734,1.055e-06,1.878
607,0.01899,0.6602,1.004e-06,1.881
608,0.01838,0.6602,9.546e-07,1.884
609,0.01468,0.5234,9.064e-07,1.887
610,0.01721,0.5078,8.595e-07,1.89
611,0.01941,0.4707,8.138e-07,1.893
612,0.01605,0.418,7.693e-07,1.896
613,0.01891,0.459,7.261e-07,1.899
614,0.02153,0.7812,6.841e-07,1.902
615,0.01336,0.2715,6.434e-07,1.905
616,0.0188,0.6602,6.039e-07,1.909
617,0.0176,0.4199,5.656e-07,1.912
618,0.01822,0.5234,5.286e-07,1.915
619,0.02158,0.2676,4.928e-07,1.918
620,0.01614,0.7734,4.583e-07,1.921
621,0.01526,0.6406,4.25e-07,1.924
622,0.01554,0.6836,3.93e-07,1.927
623,0.01583,0.3496,3.622e-07,1.93
624,0.01604,0.8398,3.327e-07,1.933
625,0.01352,0.3828,3.044e-07,1.936
626,0.01831,0.9648,2.774e-07,1.94
627,0.01551,0.5625,2.516e-07,1.943
628,0.01798,0.3887,2.271e-07,1.946
629,0.01552,1,2.039e-07,1.949
630,0.01592,0.4004,1.819e-07,1.952
631,0.01608,0.4219,1.611e-07,1.955
632,0.01377,0.5664,1.416e-07,1.958
633,0.01561,0.3262,1.234e-07,1.961
634,0.01641,0.3887,1.064e-07,1.964
635,0.01551,0.291,9.064e-08,1.967
636,0.01406,0.7383,7.617e-08,1.971
637,0.01505,0.5625,6.295e-08,1.974
638,0.0126,0.252,5.099e-08,1.977
639,0.01549,0.4277,4.029e-08,1.98
640,0.01431,0.4102,3.085e-08,1.983
641,0.01495,0.1982,2.267e-08,1.986
642,0.01377,0.6719,1.574e-08,1.989
643,0.01683,0.918,1.007e-08,1.992
644,0.01733,0.6914,5.667e-09,1.995
645,0.01289,0.08105,2.519e-09,1.998
646,0.01764,0.1611,6.296e-10,2
