step,loss,grad_norm,learning_rate,epoch,reward,reward_std,kl
1,0.2572,1.867,1e-05,0.3333,-0.3125,0.8101,1.83e-05
2,-0.0554,1.57,9.667e-06,0.6667,0.925,0.1389,9.631e-05
3,0.3268,2.062,9.333e-06,1,0.45,0.7536,0.0005415
4,0.03992,1.383,9e-06,1.333,0.8125,0.1553,0.0002332
5,0.3004,2.375,8.667e-06,1.667,0.55,0.6745,0.0426
6,0.232,1.227,8.333e-06,2,0.7063,0.6038,0.005439
7,0.2872,2.078,8e-06,2.333,0.625,0.7071,0.03229
8,6.364e-05,0.01892,7.667e-06,2.667,1,0,0.001591
9,0.04897,2.938,7.333e-06,3,0.7375,0.1061,0.001505
10,0.08224,1.297,7e-06,3.333,0.3187,0.6364,0.002713
11,-0.01911,3.812,6.667e-06,3.667,0.9625,0.1061,0.00662
12,-0.09303,1.594,6.333e-06,4,0.6187,0.3664,0.03155
13,0.2246,1.062,6e-06,4.333,0.6687,0.5922,0.004705
14,8.379e-05,5.531,5.667e-06,4.667,0.9625,0.1061,0.0021
15,0.0002566,0.02478,5.333e-06,5,1,0,0.006414
16,0.256,1.414,5e-06,5.333,0.375,0.702,0.008785
17,0.004045,3.219,4.667e-06,5.667,0.8062,0.4395,0.005264
18,0.2432,1.133,4.333e-06,6,0.7812,0.6187,0.008291
19,-0.02708,2.75,4e-06,6.333,0.9625,0.1061,0.002346
20,0.05144,2.641,3.667e-06,6.667,0.8875,0.1553,0.003241
21,0.2409,1.156,3.333e-06,7,0.7063,0.6038,0.033
22,0.01611,1.805,3e-06,7.333,0.9625,0.1061,0.006244
23,0.03771,1.461,2.667e-06,7.667,0.775,0.1389,0.001573
24,7.275e-05,0.0166,2.333e-06,8,1,0,0.001819
25,-0.01747,1.375,2e-06,8.333,0.9625,0.1061,0.003139
26,0.0002574,0.01306,1.667e-06,8.667,1,0,0.006435
27,0.05506,2.609,1.333e-06,9,0.85,0.1604,0.001752
28,-0.05563,2.25,1e-06,9.333,0.7688,0.4334,0.005111
29,-0.07889,1.102,6.667e-07,9.667,0.6938,0.4092,0.001637
30,-0.05018,5.594,3.333e-07,10,0.925,0.1389,0.01025
